id,type,name,key,description,status,lifecycle_status,links,level,includes_pii,available_in_analytics_platform,confidentiality_risk_rating,integrity_risk_rating,availability_risk_rating,information_category_description,source,owner,cmdb_sub_type,data_product_type,definition,type_of_measure
LDC-TEACH,Logical Data Component,Teaching and Learning,LDC-TEACH,"Subject area covering the design, delivery and assessment of learning.",approved,Live,,1,,,,,,,Reference data model v3,,,,,
LDC-CURR,Logical Data Component,Curriculum,LDC-CURR,"The **Curriculum** topic contains data related to the learning opportunities offered by an institution: courses, units, offerings and their outlines.",approved,Live,https://example.edu/bim/curriculum,2,,,,,,,Reference data model v3,,,,,
LDC-STUD,Logical Data Component,Student,LDC-STUD,Subject area covering people studying at the institution.,approved,Live,,1,,,,,,,Reference data model v3,,,,,
LDC-ENROL,Logical Data Component,Enrolment,LDC-ENROL,The Enrolment topic covers admission and enrolment of students into courses and units.,approved,Live,,2,,,,,,,Reference data model v3,,,,,
IA-COURSE-CAT,Information Asset,Course Catalogue,IA-COURSE-CAT,"The published list of courses and units, their structure, credit points and prerequisites.",approved,Live,https://example.edu/register/course-catalogue,,,,Low,High,Medium,Curriculum and course information,Information asset register,Manager Curriculum Systems,,,,
IA-UNIT-OUTLINES,Information Asset,Unit Outlines,IA-UNIT-OUTLINES,Approved unit outlines with learning outcomes and assessment schedules.,approved,Live,,,,,Low,High,Medium,Curriculum and course information,Information asset register,Manager Curriculum Systems,,,,
IA-STUDENT-ENROL,Information Asset,Student Enrolment Records,IA-STUDENT-ENROL,Records of which students are enrolled in which units and courses.,approved,Live,,,,,High,High,High,Student information,Information asset register,Registrar,,,,
DE-SRS-COURSE,Data Entity,SRS_Course,DE-SRS-COURSE,Course master table in the student administration system.,approved,Live,,,false,true,,,,,Metadata catalogue,,,,,
DE-SRS-UNIT,Data Entity,SRS_Unit,DE-SRS-UNIT,Unit (subject) master table.,approved,Live,,,false,true,,,,,Metadata catalogue,,,,,
DE-SRS-COURSE-OFFERING,Data Entity,SRS_Course_Offering,DE-SRS-COURSE-OFFERING,A course offered in a teaching period at a campus.,approved,Live,,,false,true,,,,,Metadata catalogue,,,,,
DE-SRS-ENROLMENT,Data Entity,SRS_Enrolment,DE-SRS-ENROLMENT,A student's enrolment in a unit offering.,approved,Live,,,true,true,,,,,Metadata catalogue,,,,,
DE-CMS-UNIT-OUTLINE,Data Entity,CMS_Unit_Outline,DE-CMS-UNIT-OUTLINE,Unit outline document records in the curriculum management system.,approved,Live,,,false,false,,,,,Metadata catalogue,,,,,
DE-LMS-UNIT-SITE,Data Entity,LMS_Unit_Site,DE-LMS-UNIT-SITE,A unit's site in the learning management system.,approved,Live,,,false,false,,,,,Metadata catalogue,,,,,
DE-EDW-DIM-COURSE,Data Entity,EDW_Dim_Course,DE-EDW-DIM-COURSE,Conformed course dimension in the warehouse.,approved,Live,,,false,true,,,,,Metadata catalogue,,,,,
PAC-SRS,Physical Application Component,Student Records System (SRS),PAC-SRS,Student records system for admissions and enrolments and results.,approved,Live,https://example.edu/cmdb/srs,,,,,,,,CMDB Product Catalogue,,Application,,,
PAC-CMS,Physical Application Component,Curriculum Management System,PAC-CMS,Where courses and units are designed and approved before publication.,approved,Live,,,,,,,,,CMDB Product Catalogue,,Application,,,
PAC-LMS,Physical Application Component,Learning Management System,PAC-LMS,Online learning platform hosting unit sites.,approved,Live,,,,,,,,,CMDB Product Catalogue,,Application,,,
PAC-EDW,Physical Application Component,Enterprise Data Warehouse,PAC-EDW,The analytics platform's warehouse layer.,approved,Live,,,,,,,,,CMDB Product Catalogue,,Application,,,
PTC-RDBMS,Physical Technology Component,Relational Database Platform,PTC-RDBMS,Relational database platform hosting SRS and CMS schemas.,approved,Live,,,,,,,,,CMDB Product Catalogue,,Database platform,,,
PTC-LAKEHOUSE,Physical Technology Component,Lakehouse Platform,PTC-LAKEHOUSE,Lakehouse platform hosting the warehouse and analytics workloads.,approved,Live,,,,,,,,,CMDB Product Catalogue,,Platform,,,
PTC-IPAAS,Physical Technology Component,Integration Platform,PTC-IPAAS,Integration platform.,approved,Live,,,,,,,,,CMDB Product Catalogue,,Tool,,,
INT-CMS-SRS,Integration,CMS to SRS curriculum sync,INT-CMS-SRS,Publishes approved courses and units from the CMS into SRS.,approved,Live,,,,,,,,,CMDB Product Catalogue,,,,,
INT-SRS-EDW,Integration,SRS to EDW ingestion,INT-SRS-EDW,Nightly ingestion of SRS curriculum and enrolment tables into the warehouse.,approved,Live,,,,,,,,,CMDB Product Catalogue,,,,,
IF-CMS-SRS,Interface,Curriculum to Student Administration interface,IF-CMS-SRS,The conceptual interface through which approved curriculum reaches student administration.,draft,Planned,,,,,,,,,EA repository,,,,,
ORG-ACAD,Organization Unit,Academic Division,ORG-ACAD,Faculties and the office of the Deputy Vice-Chancellor Academic.,approved,Live,,,,,,,,,HR,,,,,
ORG-REG,Organization Unit,Student Registry,ORG-REG,Admissions and enrolment services.,approved,Live,,,,,,,,,HR,,,,,
ORG-DAU,Organization Unit,Data and Analytics,ORG-DAU,The data platform and information governance unit.,approved,Live,,,,,,,,,HR,,,,,
POS-CURR-MGR,Position,"Manager, Curriculum Systems",POS-CURR-MGR,Owns the curriculum management system and its data.,approved,Live,,,,,,,,,HR,,,,,
POS-REG,Position,Registrar,POS-REG,Accountable for student records.,approved,Live,,,,,,,,,HR,,,,,
POS-DATA-GOV,Position,"Manager, Data Governance",POS-DATA-GOV,Stewards information assets across the institution.,approved,Live,,,,,,,,,HR,,,,,
POS-INFO-ARCH,Position,Information Architect,POS-INFO-ARCH,Maintains the business information model and the EA information domain.,approved,Live,,,,,,,,,HR,,,,,
DEF-COURSE,Business Definition,Course,DEF-COURSE,,approved,Live,,,,,,,,,,,,,"A structured program of study leading to an award, composed of units.",
DEF-UNIT,Business Definition,Unit,DEF-UNIT,,approved,Live,,,,,,,,,,,,,"A discrete component of study within a course, with its own outline and assessment.",
DEF-ENROLLED-STUDENT,Business Definition,Enrolled Student,DEF-ENROLLED-STUDENT,,draft,Live,,,,,,,,,,,,,"A student with at least one current unit enrolment in a teaching period.",
MSR-OUTLINE-COMPLETENESS,Measure,Unit outline completeness rate,MSR-OUTLINE-COMPLETENESS,Share of offered units with an approved outline before census date.,approved,Live,,,,,,,,,,,,,Approved outlines divided by offered units,Rate
MSR-ENROL-VALIDITY,Measure,Enrolment record validity rate,MSR-ENROL-VALIDITY,Share of enrolment records passing validation rules.,approved,Live,,,,,,,,,,,,,Valid records divided by all records,Rate
DP-CURR-HEALTH,Data Product,Curriculum Health Dashboard,DP-CURR-HEALTH,Dashboard tracking outline completeness and offering readiness per faculty.,approved,Live,,,,,,,,,Data product register,Data and Analytics,,Dashboard,,
DP-ENROL-EXTRACT,Data Product,Enrolment Extract,DP-ENROL-EXTRACT,Weekly extract of enrolments for government reporting.,approved,Live,,,,,,,,,Data product register,Student Registry,,Extract,,
CAP-CURR-DEV,Capability,Curriculum Development,CAP-CURR-DEV,Designing and approving courses and units.,approved,Live,,2,,,,,,,Reference capability model v3,,,,,
CAP-ENROL-MGMT,Capability,Student Enrolment Management,CAP-ENROL-MGMT,Admitting and enrolling students.,approved,Live,,2,,,,,,,Reference capability model v3,,,,,
WP-CMS-UPGRADE,Work Package,Curriculum Management System Upgrade,WP-CMS-UPGRADE,Project replacing the curriculum management system.,approved,Planned,,,,,,,,,Project portfolio tool,,,,,
LAC-SIS,Logical Application Component,Student Information System,LAC-SIS,,approved,Live,,,,,,,,,Reference application model v3,,,,,
LAC-CMS,Logical Application Component,Curriculum Management,LAC-CMS,,approved,Live,,,,,,,,,Reference application model v3,,,,,
LTC-DBP,Logical Technology Component,Database Platform,LTC-DBP,,approved,Live,,,,,,,,,Reference technology model v3,,,,,
LTC-ANALYTICS,Logical Technology Component,Analytics Platform,LTC-ANALYTICS,,approved,Live,,,,,,,,,Reference technology model v3,,,,,
